{
  "tau_flat": 0.1275,
  "tau_hump": 0.2075,
  "delta_pp": 7.999999999999999,
  "ratio": 1.6274509803921569,
  "avg_multiplier": 0.805,
  "midpoint_estimate": 0.16749999999999998,
  "profile": [
    0.35,
    0.375,
    0.4,
    0.425,
    0.45,
    0.5,
    0.528,
    0.556,
    0.584,
    0.612,
    0.64,
    0.668,
    0.696,
    0.724,
    0.752,
    0.8,
    0.815,
    0.83,
    0.845,
    0.86,
    0.875,
    0.89,
    0.905,
    0.92,
    0.935,
    0.95,
    0.955,
    0.96,
    0.965,
    0.97,
    0.975,
    0.98,
    0.985,
    0.99,
    0.995,
    1.0,
    0.95,
    0.945,
    0.94,
    0.935,
    0.93,
    0.925,
    0.92,
    0.915,
    0.91,
    0.905,
    0.9
  ]
}