{
  "n_paths": 1000,
  "mean_return": 0.0175,
  "volatility": 0.08,
  "regime_enabled": false,
  "pass_rate": 0.947,
  "repl_low_p5": 0.7549670721378737,
  "repl_low_p25": 0.85,
  "repl_low_p50": 0.85,
  "repl_low_p75": 0.85,
  "repl_low_p95": 1.1045426999871615,
  "repl_mid_p5": 0.561536738794759,
  "repl_mid_p25": 0.6,
  "repl_mid_p50": 0.6,
  "repl_mid_p75": 0.7529698566447895,
  "repl_mid_p95": 1.1965869748713704,
  "pool_depletion_rate": 0.139,
  "structural_sustainability_rate": 0.849,
  "max_loan_p50": 0.0,
  "max_loan_p95": 449566216361.40576,
  "loan_repaid_rate": 0.887,
  "longevity_per_capita_p50": 30000.0,
  "longevity_per_capita_p95": 30000.0,
  "peak_reserve_p50": 195959730553.93274,
  "peak_reserve_p95": 714577139318.6289,
  "elapsed_seconds": 0.44860100746154785
}