{
  "n_paths": 5000,
  "mean_return": 0.0175,
  "volatility": 0.15,
  "regime_enabled": true,
  "pass_rate": 0.8128,
  "repl_low_p5": 0.3273870970327912,
  "repl_low_p25": 0.85,
  "repl_low_p50": 0.85,
  "repl_low_p75": 1.2172847434015526,
  "repl_low_p95": 3.157108664457433,
  "repl_mid_p5": 0.2578869934342817,
  "repl_mid_p25": 0.6,
  "repl_mid_p50": 0.6568343750176919,
  "repl_mid_p75": 1.3187240915909064,
  "repl_mid_p95": 3.420198337454245,
  "pool_depletion_rate": 0.369,
  "structural_sustainability_rate": 0.7444,
  "max_loan_p50": 0.0,
  "max_loan_p95": 762753259455.6237,
  "loan_repaid_rate": 0.7186,
  "longevity_per_capita_p50": 30000.0,
  "longevity_per_capita_p95": 30000.0,
  "peak_reserve_p50": 611055060672.7445,
  "peak_reserve_p95": 2703989687234.6416,
  "elapsed_seconds": 3.154827117919922
}