{
  "n_paths": 1000,
  "mean_return": 0.0175,
  "volatility": 0.08,
  "regime_enabled": true,
  "pass_rate": 0.808,
  "repl_low_p5": 0.34302475953838,
  "repl_low_p25": 0.85,
  "repl_low_p50": 0.85,
  "repl_low_p75": 1.222886243377522,
  "repl_low_p95": 3.022444233535039,
  "repl_mid_p5": 0.2709871318267257,
  "repl_mid_p25": 0.6,
  "repl_mid_p50": 0.6656440232806446,
  "repl_mid_p75": 1.3247923784131954,
  "repl_mid_p95": 3.2743119864584203,
  "pool_depletion_rate": 0.323,
  "structural_sustainability_rate": 0.752,
  "max_loan_p50": 0.0,
  "max_loan_p95": 611136451866.5013,
  "loan_repaid_rate": 0.749,
  "longevity_per_capita_p50": 30000.0,
  "longevity_per_capita_p95": 30000.0,
  "peak_reserve_p50": 824582750616.6892,
  "peak_reserve_p95": 3061640895591.9917,
  "elapsed_seconds": 0.5473110675811768
}