{
  "n_paths": 10000,
  "mean_return": 0.0175,
  "volatility": 0.08,
  "regime_enabled": false,
  "pass_rate": 0.94,
  "repl_low_p5": 0.70417277012917,
  "repl_low_p25": 0.85,
  "repl_low_p50": 0.85,
  "repl_low_p75": 0.85,
  "repl_low_p95": 1.0508210979398718,
  "repl_mid_p5": 0.5337990557887645,
  "repl_mid_p25": 0.6,
  "repl_mid_p50": 0.6,
  "repl_mid_p75": 0.7603310693828255,
  "repl_mid_p95": 1.1383886188641685,
  "pool_depletion_rate": 0.1396,
  "structural_sustainability_rate": 0.8491,
  "max_loan_p50": 0.0,
  "max_loan_p95": 474959295886.5455,
  "loan_repaid_rate": 0.8786,
  "longevity_per_capita_p50": 30000.0,
  "longevity_per_capita_p95": 30000.0,
  "peak_reserve_p50": 203090463009.178,
  "peak_reserve_p95": 680917787906.397,
  "elapsed_seconds": 4.215583324432373
}