{
  "n_paths": 1000,
  "mean_return": 0.0175,
  "volatility": 0.15,
  "regime_enabled": false,
  "pass_rate": 0.671,
  "repl_low_p5": 0.34449560452090755,
  "repl_low_p25": 0.554172559492147,
  "repl_low_p50": 0.85,
  "repl_low_p75": 0.85,
  "repl_low_p95": 1.4398688639397297,
  "repl_mid_p5": 0.27099970852620264,
  "repl_mid_p25": 0.4395239570880417,
  "repl_mid_p50": 0.6,
  "repl_mid_p75": 0.6554568578038984,
  "repl_mid_p95": 1.5598566973763395,
  "pool_depletion_rate": 0.513,
  "structural_sustainability_rate": 0.562,
  "max_loan_p50": 50446742762.8753,
  "max_loan_p95": 584837719681.3319,
  "loan_repaid_rate": 0.575,
  "longevity_per_capita_p50": 30000.0,
  "longevity_per_capita_p95": 30000.0,
  "peak_reserve_p50": 282166984229.8629,
  "peak_reserve_p95": 1484228813725.934,
  "elapsed_seconds": 0.45116758346557617
}