{
  "n_paths": 10000,
  "mean_return": 0.0175,
  "volatility": 0.08,
  "regime_enabled": false,
  "pass_rate": 0.93,
  "repl_low_p5": 0.6576731237865463,
  "repl_low_p25": 0.85,
  "repl_low_p50": 0.85,
  "repl_low_p75": 0.85,
  "repl_low_p95": 1.0659174508917353,
  "repl_mid_p5": 0.5082257945976506,
  "repl_mid_p25": 0.6,
  "repl_mid_p50": 0.6,
  "repl_mid_p75": 0.7578471095927274,
  "repl_mid_p95": 1.15474298824298,
  "pool_depletion_rate": 0.2015,
  "structural_sustainability_rate": 0.8288,
  "max_loan_p50": 0.0,
  "max_loan_p95": 647689440975.9141,
  "loan_repaid_rate": 0.8438,
  "longevity_per_capita_p50": 30000.0,
  "longevity_per_capita_p95": 30000.0,
  "peak_reserve_p50": 140556100693.33984,
  "peak_reserve_p95": 531196991062.5275,
  "elapsed_seconds": 5.263758420944214
}