{
  "n_paths": 10000,
  "mean_return": 0.0175,
  "volatility": 0.08,
  "regime_enabled": false,
  "pass_rate": 0.9268,
  "repl_low_p5": 0.6474173263813405,
  "repl_low_p25": 0.85,
  "repl_low_p50": 0.85,
  "repl_low_p75": 0.85,
  "repl_low_p95": 1.0508210979398718,
  "repl_mid_p5": 0.5018053485337957,
  "repl_mid_p25": 0.6,
  "repl_mid_p50": 0.6,
  "repl_mid_p75": 0.7603310693828255,
  "repl_mid_p95": 1.1383886188641685,
  "pool_depletion_rate": 0.2001,
  "structural_sustainability_rate": 0.8308,
  "max_loan_p50": 0.0,
  "max_loan_p95": 645077525857.1453,
  "loan_repaid_rate": 0.8434,
  "longevity_per_capita_p50": 30000.0,
  "longevity_per_capita_p95": 30000.0,
  "peak_reserve_p50": 151016171690.19788,
  "peak_reserve_p95": 542208794018.76825,
  "elapsed_seconds": 5.398907423019409
}