{
  "peak_annual_gap": 250000000000.0,
  "peak_annual_gap_year": 46,
  "peak_bond_outstanding": 8588767042963.338,
  "peak_fiscal_burden": 313043168727.50916,
  "total_interest_paid": 4712811822095.872,
  "total_gap_undiscounted": 8625000000000.0,
  "total_gap_npv": 5995955395073.877,
  "bond_fully_repaid_year": 116,
  "gap_as_pct_gdp_peak": 5.952380952380952,
  "params": {
    "bond_yield_real": 0.01,
    "target2_mobilization": 500000000000.0,
    "rssp_surplus_initial": 54000000000.0,
    "rssp_surplus_mature": 120000000000.0,
    "phase_in_years": 47
  }
}